<?xml version="1.0" encoding="UTF-8" ?>
<!DOCTYPE mapper
PUBLIC "-//mybatis.org//DTD Mapper 3.0//EN"
"http://mybatis.org/dtd/mybatis-3-mapper.dtd">
<mapper namespace="com.ruoyi.door.mapper.DoorLockOpenLogMapper">
    
    <resultMap type="DoorLockOpenLog" id="DoorLockOpenLog">
        <result property="id"    column="id"    />
        <result property="openLockMethod"    column="open_lock_method"    />
        <result property="result"    column="result"    />
        <result property="logTime"    column="log_time"    />
    </resultMap>

    <select id="getAllLog" resultMap="DoorLockOpenLog">
        select * from door_lock_open_log order by id desc
    </select>

    <insert id="insertOpenDoorLockLog" parameterType="DoorLockOpenLog">
        insert into door_lock_open_log
            (open_lock_method, result, log_time)
values (#{openLockMethod}, #{result}, #{logTime})
    </insert>


</mapper>