<?xml version="1.0" encoding="UTF-8" ?>
<!DOCTYPE mapper
PUBLIC "-//mybatis.org//DTD Mapper 3.0//EN"
"http://mybatis.org/dtd/mybatis-3-mapper.dtd">
<mapper namespace="com.ruoyi.door.mapper.DoorOpenCardMapper">
    
    <resultMap type="DoorOpenCard" id="DoorOpenCardResult">
        <result property="id"    column="id"    />
        <result property="pass"    column="pass"    />
        <result property="dataTime"    column="data_time"    />
    </resultMap>

    <sql id="selectDoorOpenCardVo">
        select id, pass, data_time from door_open_card
    </sql>

    <select id="selectDoorOpenCardList" parameterType="DoorOpenCard" resultMap="DoorOpenCardResult">
        <include refid="selectDoorOpenCardVo"/>
        <where>  
            <if test="pass != null "> and pass = #{pass}</if>
            <if test="dataTime != null "> and data_time = #{dataTime}</if>
        </where>
    </select>
    
    <select id="selectDoorOpenCardById" parameterType="Long" resultMap="DoorOpenCardResult">
        <include refid="selectDoorOpenCardVo"/>
        where id = #{id}
    </select>

    <select id="selectDoorOpenCardByPass" parameterType="String" resultMap="DoorOpenCardResult">
        <include refid="selectDoorOpenCardVo"/>
        where pass = #{pass}
        LIMIT 1
    </select>


    <insert id="insertDoorOpenCard" parameterType="DoorOpenCard">
        insert into door_open_card
        <trim prefix="(" suffix=")" suffixOverrides=",">
            <if test="id != null">id,</if>
            <if test="pass != null">pass,</if>
            <if test="dataTime != null">data_time,</if>
         </trim>
        <trim prefix="values (" suffix=")" suffixOverrides=",">
            <if test="id != null">#{id},</if>
            <if test="pass != null">#{pass},</if>
            <if test="dataTime != null">#{dataTime},</if>
         </trim>
    </insert>

    <update id="updateDoorOpenCard" parameterType="DoorOpenCard">
        update door_open_card
        <trim prefix="SET" suffixOverrides=",">
            <if test="pass != null">pass = #{pass},</if>
            <if test="dataTime != null">data_time = #{dataTime},</if>
        </trim>
        where id = #{id}
    </update>

    <delete id="deleteDoorOpenCardById" parameterType="Long">
        delete from door_open_card where id = #{id}
    </delete>

    <delete id="deleteDoorOpenCardByIds" parameterType="String">
        delete from door_open_card where id in 
        <foreach item="id" collection="array" open="(" separator="," close=")">
            #{id}
        </foreach>
    </delete>
</mapper>