<?xml version="1.0" encoding="UTF-8" ?>
<!DOCTYPE mapper
PUBLIC "-//mybatis.org//DTD Mapper 3.0//EN"
"http://mybatis.org/dtd/mybatis-3-mapper.dtd">
<mapper namespace="com.ruoyi.door.mapper.DoorOpenFingerprintMapper">
    
    <resultMap type="DoorOpenFingerprint" id="DoorOpenFingerprintResult">
        <result property="id"    column="id"    />
        <result property="pass"    column="pass"    />
        <result property="dataTime"    column="data_time"    />
    </resultMap>

    <sql id="selectDoorOpenFingerprintVo">
        select id, pass, data_time from door_open_fingerprint
    </sql>

    <select id="selectDoorOpenFingerprintList" parameterType="DoorOpenFingerprint" resultMap="DoorOpenFingerprintResult">
        <include refid="selectDoorOpenFingerprintVo"/>
        <where>  
            <if test="pass != null "> and pass = #{pass}</if>
            <if test="dataTime != null "> and data_time = #{dataTime}</if>
        </where>
    </select>
    
    <select id="selectDoorOpenFingerprintById" parameterType="Long" resultMap="DoorOpenFingerprintResult">
        <include refid="selectDoorOpenFingerprintVo"/>
        where id = #{id}
    </select>
    <select id="selectDoorOpenFingerprintByPass" parameterType="String" resultMap="DoorOpenFingerprintResult">
        <include refid="selectDoorOpenFingerprintVo"/>
        where pass = #{pass}
        LIMIT 1
    </select>

    <insert id="insertDoorOpenFingerprint" parameterType="DoorOpenFingerprint">
        insert into door_open_fingerprint
        <trim prefix="(" suffix=")" suffixOverrides=",">
            <if test="id != null">id,</if>
            <if test="pass != null">pass,</if>
            <if test="dataTime != null">data_time,</if>
         </trim>
        <trim prefix="values (" suffix=")" suffixOverrides=",">
            <if test="id != null">#{id},</if>
            <if test="pass != null">#{pass},</if>
            <if test="dataTime != null">#{dataTime},</if>
         </trim>
    </insert>

    <update id="updateDoorOpenFingerprint" parameterType="DoorOpenFingerprint">
        update door_open_fingerprint
        <trim prefix="SET" suffixOverrides=",">
            <if test="pass != null">pass = #{pass},</if>
            <if test="dataTime != null">data_time = #{dataTime},</if>
        </trim>
        where id = #{id}
    </update>

    <delete id="deleteDoorOpenFingerprintById" parameterType="Long">
        delete from door_open_fingerprint where id = #{id}
    </delete>

    <delete id="deleteDoorOpenFingerprintByIds" parameterType="String">
        delete from door_open_fingerprint where id in 
        <foreach item="id" collection="array" open="(" separator="," close=")">
            #{id}
        </foreach>
    </delete>
</mapper>