<?xml version="1.0" encoding="UTF-8" ?>
<!DOCTYPE mapper
PUBLIC "-//mybatis.org//DTD Mapper 3.0//EN"
"http://mybatis.org/dtd/mybatis-3-mapper.dtd">
<mapper namespace="com.ruoyi.door.mapper.DoorLockMapper">
    
    <resultMap type="DoorLock" id="DoorLock">
        <result property="id"    column="id"    />
        <result property="lockStatus"    column="lock_status"    />
    </resultMap>

    <select id="selectDoorLockStatus" resultType="Integer">
        select lock_status from door_lock limit 1
    </select>
    <update id="updateDoorLockStatus" parameterType="Integer">
        update door_lock set lock_status = #{lockStatus}
    </update>


</mapper>